{
  "docs/lightswitch.js": 1775669087.3863566,
  "docs/pkgdown.js": 1775669087.3875182,
  "docs/katex-auto.js": 1775669087.386036,
  "docs/deps/jquery-3.6.0/jquery-3.6.0.min.js": 1775669088.9771767,
  "docs/deps/jquery-3.6.0/jquery-3.6.0.js": 1775669088.9769661,
  "docs/deps/bootstrap-toc-1.0.1/bootstrap-toc.min.js": 1775669088.9869657,
  "docs/deps/headroom-0.11.0/jQuery.headroom.min.js": 1775669088.9865706,
  "docs/deps/headroom-0.11.0/headroom.min.js": 1775669088.9863765,
  "docs/deps/clipboard.js-2.0.11/clipboard.min.js": 1775669088.987468,
  "docs/deps/bootstrap-5.2.2/bootstrap.bundle.min.js": 1775669088.9781623,
  "docs/deps/search-1.0.0/fuse.min.js": 1775669088.9881728,
  "docs/deps/search-1.0.0/mark.min.js": 1775669088.9887242,
  "docs/deps/search-1.0.0/autocomplete.jquery.min.js": 1775669088.9880316,
  "NEWS.md": 1775637746.380758,
  "README.md": 1775638974.9277616,
  "AGENTS.md": 1775672866.7780614,
  "cran-comments.md": 1775634162.9858458,
  "working_scripts/codex/publication-loop-prompt.md": 1775671871.2075546,
  "working_scripts/codex/README.md": 1775669818.0401595,
  "working_scripts/codex/publication-phase-prompt.md": 1775671871.2076435,
  "working_scripts/codex/publication-assessment-prompt.md": 1775635642.2217162,
  "working_scripts/codex/runs/20260408-083504/01-batch-1/prompt.md": 1775637304.5092075,
  "working_scripts/codex/runs/20260408-073551/pass-1/prompt.md": 1775633751.7133503,
  "working_scripts/notes/developer-notes.md": 1775669642.09471,
  "working_scripts/notes/knowledge-schema.md": 1775625213.8725274,
  "working_scripts/notes/index.md": 1775625213.8722765,
  "working_scripts/notes/next-steps.md": 1775620178.914978,
  "working_scripts/notes/current-status.md": 1775624781.4332607,
  "working_scripts/notes/start-codex.md": 1775625213.8728557,
  "working_scripts/notes/project-overview.md": 1775624760.2398689,
  "working_scripts/notes/testing-strategy.md": 1775601749.5591257,
  "working_scripts/notes/prompts/publication-improvements-batch-2-3-prompt.md": 1775626606.9191678,
  "working_scripts/notes/prompts/publication-readiness-cran-prep-prompt.md": 1775625213.8662832,
  "working_scripts/notes/prompts/publication-improvements-batch-1-prompt.md": 1775626345.652342,
  "tests/testthat/fixtures/bad_extension.txt": 1775359831.8299186,
  "tests/manual/manual-checklist-ggpaintr.md": 1775618777.4848163,
  "docs/llms.txt": 1775669110.1961784,
  "docs/authors.md": 1775669108.14422,
  "docs/index.md": 1775669108.3681722,
  "docs/404.md": 1775669107.6141622,
  "docs/articles/ggpaintr-extensibility.md": 1775669107.7793567,
  "docs/articles/ggpaintr-workflow.md": 1775669108.0474367,
  "docs/articles/index.md": 1775669108.0951383,
  "docs/articles/ggpaintr-placeholder-registry.md": 1775669107.9499025,
  "docs/news/index.md": 1775669108.4303534,
  "docs/deps/data-deps.txt": 1775669088.9942586,
  "docs/reference/ggpaintr_error_value.md": 1775669109.2076333,
  "docs/reference/ggpaintr_bind_export.md": 1775669108.8625374,
  "docs/reference/ggpaintr-package.md": 1775669108.5507934,
  "docs/reference/ggpaintr_bind_code.md": 1775669108.6668694,
  "docs/reference/generate_shiny.md": 1775669108.4926863,
  "docs/reference/ggpaintr_bind_control_panel.md": 1775669108.7170403,
  "docs/reference/ggpaintr_bind_error.md": 1775669108.8128881,
  "docs/reference/ggpaintr_effective_placeholders.md": 1775669109.1501942,
  "docs/reference/ggpaintr_placeholder.md": 1775669109.506886,
  "docs/reference/paintr_effective_copy_rules.md": 1775669109.9575121,
  "docs/reference/ggpaintr_bind_plot.md": 1775669108.9132204,
  "docs/reference/paintr_get_plot.md": 1775669110.1344256,
  "docs/reference/paintr_formula.md": 1775669110.0742419,
  "docs/reference/ggpaintr_server.md": 1775669109.7126231,
  "docs/reference/ggpaintr_missing_expr.md": 1775669109.3182049,
  "docs/reference/paintr_resolve_copy.md": 1775669110.1885571,
  "docs/reference/index.md": 1775669109.845853,
  "docs/reference/paintr_build_runtime.md": 1775669109.9023604,
  "docs/reference/ggpaintr_bind_draw.md": 1775669108.7642636,
  "docs/reference/ggpaintr_ids.md": 1775669109.264206,
  "docs/reference/ggpaintr_plot_value.md": 1775669109.5998836,
  "docs/reference/ggpaintr_code_value.md": 1775669108.9602807,
  "docs/reference/ggpaintr_runtime_input_spec.md": 1775669109.6566317,
  "docs/reference/ggpaintr_server_state.md": 1775669109.764171,
  "docs/reference/ggpaintr_app.md": 1775669108.6122947,
  "docs/reference/ggpaintr_outputs_ui.md": 1775669109.429711,
  "docs/reference/ggpaintr_controls_ui.md": 1775669109.0867794,
  "docs/reference/ggpaintr_normalize_column_names.md": 1775669109.3691337,
  "graphify-out/GRAPH_REPORT.md": 1775675894.0652533,
  "Rplots.pdf": 1775638953.0277343,
  "docs/favicon-16x16.png": 1775669088.1404274,
  "docs/apple-touch-icon-120x120.png": 1775669088.1374934,
  "docs/apple-touch-icon.png": 1775669088.1397216,
  "docs/link.svg": 1775669087.3868837,
  "docs/apple-touch-icon-152x152.png": 1775669088.137972,
  "docs/apple-touch-icon-180x180.png": 1775669088.1385896,
  "docs/apple-touch-icon-76x76.png": 1775669088.1394699,
  "docs/apple-touch-icon-60x60.png": 1775669088.1391313,
  "docs/favicon-32x32.png": 1775669088.140562,
  "pkgdown/favicon/favicon-16x16.png": 1708450703.517717,
  "pkgdown/favicon/apple-touch-icon-120x120.png": 1708450703.5196936,
  "pkgdown/favicon/apple-touch-icon.png": 1708450703.5204868,
  "pkgdown/favicon/apple-touch-icon-152x152.png": 1708450703.5200953,
  "pkgdown/favicon/apple-touch-icon-180x180.png": 1708450703.5173895,
  "pkgdown/favicon/apple-touch-icon-76x76.png": 1708450703.520744,
  "pkgdown/favicon/apple-touch-icon-60x60.png": 1708450703.5179474,
  "pkgdown/favicon/favicon-32x32.png": 1708450703.5206506,
  "inst/figures/cybird.png": 1650436025.7818282
}